customer_state,num_pedidos,num_atrasados,taxa_atraso,atraso_medio_dias,tempo_entrega_medio
AL,397,85,0.2141,9.54,24.5
MA,717,125,0.1743,10.5,21.51
SE,335,51,0.1522,16.2,21.46
PI,476,66,0.1387,13.35,19.39
CE,1279,176,0.1376,15.18,21.2
RR,41,5,0.122,36.4,29.34
BA,3256,396,0.1216,12.02,19.28
RJ,12350,1495,0.1211,13.52,15.24
PA,946,106,0.1121,12.82,23.73
ES,1995,214,0.1073,11.3,15.72
PB,517,54,0.1044,10.33,20.39
TO,274,27,0.0985,6.52,17.6
MS,701,68,0.097,8.34,15.54
PE,1593,153,0.096,11.97,18.4
RN,474,44,0.0928,14.48,19.22
SC,3546,291,0.0821,8.31,14.9
GO,1957,128,0.0654,11.37,15.54
RS,5344,325,0.0608,10.24,15.25
MT,886,53,0.0598,10.64,18.0
DF,2080,118,0.0567,7.42,12.9
MG,11354,519,0.0457,8.4,11.94
SP,40494,1820,0.0449,8.33,8.7
PR,4923,199,0.0404,8.32,11.94
AC,80,3,0.0375,18.67,21.0
AP,67,2,0.0299,72.5,27.18
RO,243,7,0.0288,5.57,19.28
AM,145,4,0.0276,30.25,26.36
