seller_id,num_pedidos,num_atrasados,taxa_atraso,atraso_medio_dias
821fb029fc6e495ca4f08a35d51e53a5,24,8,0.3333,7.75
ede0c03645598cdfc63ca8237acbe73d,43,14,0.3256,10.29
ad781527c93d00d89a11eecd9dcad7c1,38,12,0.3158,12.58
54965bbe3e4f07ae045b90b0b8541f52,73,22,0.3014,27.86
054694fa03fe82cec4b7551487331d74,20,6,0.3,35.0
7f152321c60a266edc53af1925ef96c1,20,6,0.3,17.17
f76a3b1349b6df1ee875d1f3fa4340f0,24,7,0.2917,9.0
2a1348e9addc1af5aaa619b1a3679d6b,48,13,0.2708,44.85
835f0f7810c76831d6c7d24c7a646d4d,42,11,0.2619,4.64
1dfe5347016252a7884b694d4f10f5c4,20,5,0.25,7.0
4e5725ba188db8252977a4f0227bd462,21,5,0.2381,15.0
beadbee30901a7f61d031b6b686095ad,64,15,0.2344,7.13
a49928bcdf77c55c6d6e05e09a9b4ca5,96,21,0.2188,9.24
ef990a83bbea832f36ebe81376335aa8,43,9,0.2093,8.0
712e6ed8aa4aa1fa65dab41fed5737e4,77,16,0.2078,20.69
3fd1e727ba94cfe122d165e176ce7967,35,7,0.2,8.57
71039d19d4303bf9054d69e9a9236699,35,7,0.2,4.86
66e0557ecc2b4dbea057e93f215f68d8,30,6,0.2,9.0
6ec1a01e866584bb679eb9b098345919,30,6,0.2,8.17
ff69aa92bb6b1bf9b8b7a51c2ed9cf8b,20,4,0.2,9.75
06a2c3af7b3aee5d69171b0e14f0ee87,389,74,0.1902,8.0
002100f778ceb8431b7a1020ff7ab48f,50,9,0.18,7.44
ea566164622c6b439516ab18062c42cd,50,9,0.18,7.67
cac4c8e7b1ca6252d8f20b2fc1a2e4af,74,13,0.1757,23.46
6039e27294dc75811c0d8a39069f52c0,63,11,0.1746,10.27
850913d59ce317156b00f3705f1c3edb,29,5,0.1724,5.0
dd55f1bb788714a40e7954c3be6df745,35,6,0.1714,13.33
ec8879960bd2221d5c32f8e12f7da711,35,6,0.1714,8.0
88460e8ebdecbfecb5f9601833981930,246,42,0.1707,9.62
1ca7077d890b907f89be8c954a02686a,108,18,0.1667,5.83
602044f2c16190c2c6e45eb35c2e21cb,48,8,0.1667,8.62
abe42c5d03695b4257b5c6cbf4e6784e,49,8,0.1633,13.12
d20b021d3efdf267a402c402a48ea64b,86,14,0.1628,16.86
3c03b12bab54d8b37d79d914bfdb1aa0,37,6,0.1622,9.33
bbad7e518d7af88a0897397ffdca1979,68,11,0.1618,7.27
0b35c634521043bf4b47e21547b99ab5,50,8,0.16,23.75
b17b679f4f5ce2e03ce6968c62648246,50,8,0.16,9.12
3b872fd4747f01cc56206f2934198618,25,4,0.16,6.75
05f51e13da97139648b8125c31e5f51b,57,9,0.1579,8.67
e5a3438891c0bfdb9394643f95273d8e,216,34,0.1574,12.24
2a261b5b644fa05f4f2700eb93544f2c,51,8,0.1569,7.62
cd68562d3f44870c08922d380acae552,122,19,0.1557,9.42
0bf0150d5b9d60d9cd2906003332f085,39,6,0.1538,14.17
c60b801f2d52c7f7f91de00870882a75,39,6,0.1538,7.83
e0878efa0e0b7e5313ac0b43bc04c081,26,4,0.1538,12.0
2c9e548be18521d1c43cde1c582c6de8,124,19,0.1532,16.26
d93919c944be9cff128f6c9cb899eacb,33,5,0.1515,23.4
1a932caad4f9d804097d7f8e615baed1,20,3,0.15,6.0
f08c008c8a8d31417763738a1788a2a8,20,3,0.15,39.67
f918546be4bec7104d117789ba758b2b,20,3,0.15,9.33
4aba391bc3b88717ce08eb11e44937b2,27,4,0.1481,15.0
e96498ed8daaa3e9c23f7a62da76591c,34,5,0.1471,9.6
834f8533b2ecb6598dd004ff3de7203a,41,6,0.1463,10.83
6973a06f484aacf400ece213dbf3d946,89,13,0.1461,6.08
8b9d6eec4a7eb7d0f9d579ce0b38324d,48,7,0.1458,6.14
11bfa66332777660bd0640ee84d47006,76,11,0.1447,11.18
0ed6ce5d87fd9c69eaacaeb778d67235,42,6,0.1429,9.33
28f10b1c5e5abb9d4857745bede6147c,28,4,0.1429,5.0
57c764b4a836300be881e2ff86e449f9,28,4,0.1429,4.5
d97df38225e5abadaff1e72cb72b823c,28,4,0.1429,11.75
2156f2671501a81034d7d07f217609d0,21,3,0.1429,7.0
891071be6ba827b591264c90c2ae8a63,85,12,0.1412,9.75
b561927807645834b59ef0d16ba55a24,85,12,0.1412,13.42
50c9975695009e5e6473912e83a6d1da,50,7,0.14,7.43
900ba814c251a692506d7834c1218441,86,12,0.1395,5.92
e2aee0892199b1d92530e371abd825bf,36,5,0.1389,6.4
431af27f296bc6519d890aa5a05fdb11,116,16,0.1379,10.06
323ce52b5b81df2cd804b017b7f09aa7,29,4,0.1379,13.5
f7ba60f8c3f99e7ee4042fdef03b70c4,218,30,0.1376,10.1
8160255418d5aaa7dbdc9f4c64ebda44,380,52,0.1368,12.58
adbc26658d6c7b4b6219f9d934598091,88,12,0.1364,13.67
7139dc5186aa238b006e066d8fbab2e4,22,3,0.1364,14.33
7b1222c3624aa89b9558b50a2594188c,22,3,0.1364,5.0
6fd52c528dcb38be2eea044946b811f8,67,9,0.1343,5.22
b74d1c09cb380e1d03a6f859c6f4224b,30,4,0.1333,2.5
c8467937e403e76a8ee9f0ab13f6f5ef,30,4,0.1333,6.25
440dd6ab244315c632130ecfb63827b1,91,12,0.1319,11.58
8e6d7754bc7e0f22c96d255ebda59eba,84,11,0.131,12.91
ff1fb4c404b2efe68b03350a8dc24122,46,6,0.1304,3.33
23a0ffca143a15b9b5bbdb7d552f626a,23,3,0.1304,5.67
681fce914360217db47784ae28905a96,23,3,0.1304,4.0
d71d863e5ef30d94e440c11be17dcd8f,23,3,0.1304,11.33
7ad32824caee82087b3e2e5f33b1bf32,147,19,0.1293,7.74
b499c00f28f4b7069ff6550af8c1348a,147,19,0.1293,9.11
070d165398b553f3b4b851c216b8a358,31,4,0.129,10.5
cee48807215b30a12ca2ca10ffb5f250,39,5,0.1282,8.2
855668e0971d4dfd7bef1b6a4133b41b,300,38,0.1267,10.79
2e90cb1677d35cfe24eef47d441b7c87,127,16,0.126,5.0
8f2ce03f928b567e3d56181ae20ae952,151,19,0.1258,9.89
7ecd59e5e20407131822c1a68ac59c1f,24,3,0.125,6.33
e89c4adbe7b1d0819dbb636e16461cf1,24,3,0.125,15.67
dd7ddc04e1b6c2c614352b383efe2d36,121,15,0.124,7.8
75d34ebb1bd0bd7dde40dd507b8169c3,57,7,0.1228,9.71
fffd5413c0700ac820c7069d66d98c89,57,7,0.1228,5.57
2089a6d640999f9b9141ac719b2af596,41,5,0.122,12.4
23c38debaffe4a25a30fdbd9b586a13f,41,5,0.122,4.8
b1fc4f64df5a0e8b6913ab38803c57a9,107,13,0.1215,4.38
0ffa40d54288e4f3499b8780dd0f144f,33,4,0.1212,7.25
d3f39f05462b79a4562d35893a28f159,33,4,0.1212,14.0
1eade46fba20122dc4aefb379f8c636b,58,7,0.1207,12.43
ba143b05f0110f0dc71ad71b4466ce92,83,10,0.1205,7.7
048c2757535328e0d7dac690ad3c0aae,50,6,0.12,11.83
a6fe7de3d16f6149ffe280349a8535a0,50,6,0.12,7.67
15aac934c58d886785ac1b17953ea898,25,3,0.12,13.0
2709af9587499e95e803a6498a5a56e9,25,3,0.12,6.67
b2479f944e1b90cf8a5de1bbfde284d6,101,12,0.1188,10.67
0d85bbda9889ce1f7e63778d24f346eb,51,6,0.1176,7.5
34056b8b55c1775a22af2331670a799c,77,9,0.1169,5.33
f3da5b2ff499efb8d4a6d371d175d7dd,77,9,0.1169,14.78
7aa4334be125fcdd2ba64b3180029f14,214,25,0.1168,9.64
c31eff8334d6b3047ed34bebd4d62c36,120,14,0.1167,2.86
b18dc380845b24038cfc48006478f099,43,5,0.1163,7.8
7e1fb0a3ebfb01ffb3a7dae98bf3238d,155,18,0.1161,8.28
3771c85bac139d2344864ede5d9341e3,26,3,0.1154,1.67
77a515caa36327151d1cc6c32a9f00e1,26,3,0.1154,10.67
7d13fca15225358621be4086e1eb0964,558,64,0.1147,11.41
11305281b50fff20ae8bb473f8e11876,35,4,0.1143,4.25
6fc26fe110feebd80a433e1f012a84f9,35,4,0.1143,7.25
b33e7c55446eabf8fe1a42d037ac7d6d,149,17,0.1141,9.65
406822777a0b9eb5c50e442dd4cd3ec5,44,5,0.1136,8.2
903037660cf848a717166eb7a06d616e,44,5,0.1136,17.2
99a54764c341d5dc80b4a8fac4eba3fb,44,5,0.1136,3.8
5058e8c1e82653974541e83690655b4a,62,7,0.1129,14.57
e62b2d6ac10570a035a30bafcf01d263,62,7,0.1129,10.71
f46490624488d3ff7ce78613913a7711,80,9,0.1125,6.67
2eb70248d66e0e3ef83659f71b244378,187,21,0.1123,8.19
59b22a78efb79a4797979612b885db36,125,14,0.112,8.79
972d0f9cf61b499a4812cf0bfa3ad3c4,81,9,0.1111,8.78
99eaacc9e6046db1c82b163c5f84869f,63,7,0.1111,7.86
1f1bb1f0859883505541bdd6606193e5,27,3,0.1111,3.33
c3867b4666c7d76867627c2f7fb22e21,228,25,0.1096,12.76
056b4ada5bbc2c50cc7842547dda6b51,64,7,0.1094,22.14
a416b6a846a11724393025641d4edd5e,157,17,0.1083,6.18
0176f73cc1195f367f7b32db1e5b3aa8,37,4,0.1081,16.0
0cbcee27c791afa0cdcb08587a2013a8,37,4,0.1081,6.0
14d7985702e72162bbf13b6beb74ab2b,37,4,0.1081,18.5
5b8154610ebb21fb90eb587365e673df,37,4,0.1081,11.5
8b28d096634035667e8263d57ba3368c,139,15,0.1079,20.67
643214e62b870443ccbe55ab29a4dccf,65,7,0.1077,2.86
3ade81dab5a172b88e1871c28ae05260,28,3,0.1071,11.0
c0563dd588b775f2e37747ef6ad6c92c,28,3,0.1071,5.0
f12ff17ad8bbf01ec5c33b17e506649b,28,3,0.1071,10.0
3db66a856d18a9cba7c9241fc5221c50,94,10,0.1064,5.1
4c498c7345e89aebad651544829beca0,47,5,0.1064,5.6
0dd184061fb0eaa7ca37932c68ab91c5,161,17,0.1056,13.12
897060da8b9a21f655304d50fd935913,304,32,0.1053,10.75
4869f7a5dfa277a7dca6462dcf3b52b2,1124,118,0.105,9.25
f0b47fbbc6dee9aafe415a6e33051b3f,67,7,0.1045,3.0
a673821011d0cec28146ea42f5ab767f,125,13,0.104,13.08
238fac594e170b59c6d228f5a4f4f1d9,29,3,0.1034,8.33
1835b56ce799e6a4dc4eddc053f04066,417,43,0.1031,9.53
b14db04aa7881970e83ffa9426897925,78,8,0.1026,9.62
3f3486b61f45078d4f31ee5e43d8c5bb,39,4,0.1026,5.75
dd533b429f380718b70ad9922c294bae,39,4,0.1026,15.0
f84a00e60c73a49e7e851c9bdca3a5bb,88,9,0.1023,13.44
fd386aa7bed2af3c7035c65506c9b4a3,69,7,0.1014,8.71
f84fa566034f5e8e880a07ec624c56af,89,9,0.1011,7.33
e9d99831abad74458942f21e16f33f92,130,13,0.1,11.38
527801b552d0077ffd170872eb49683b,90,9,0.1,6.89
5343d0649eca2a983820bfe93fc4d17e,70,7,0.1,6.86
23d7c96d4a1160db1c726b248601b25a,50,5,0.1,4.0
b2ac621f0d0322434d04a12b078b9369,30,3,0.1,5.33
e38db885400cd35c71dfd162f2c1dbcf,30,3,0.1,2.0
e8b4225284fbb02d16f200513f1f395d,30,3,0.1,5.67
d3674f271c91f824f82d24d92011f669,20,2,0.1,5.5
318f287a62ab7ac10b703ac37435a231,51,5,0.098,4.8
cfb1a033743668a192316f3c6d1d2671,143,14,0.0979,5.93
6f892e20a171e98efe17fdb971ff319b,41,4,0.0976,9.5
82e0a475a88cc9595229d8029273f045,41,4,0.0976,31.0
4a3ca9315b744ce9f8e9374361493884,1772,172,0.0971,11.23
8648b1e89e9b349e32d3741b30ec737e,93,9,0.0968,6.11
20cb7c2fde3e5bf10f0bbe7394e1c6a9,31,3,0.0968,4.33
5c6d4016c2a288f074fa0848a2b653d2,31,3,0.0968,4.0
729f06993dac8e860d4f02d7088ca48a,94,9,0.0957,11.67
aac29b1b99776be73c3049939652091d,94,9,0.0957,28.33
2d50d6282f8aa2257819a77bfaa0efe0,42,4,0.0952,9.75
1c40343cc5d18c2d8248ac2f3366de34,21,2,0.0952,1.0
411f3b52d857390502ee4e4d5ceabc2d,21,2,0.0952,17.0
bc47d5d1490df2b36add65d733eafaba,21,2,0.0952,5.5
f4db9b37944bcb8873e6b456ee190bbf,21,2,0.0952,3.0
634964b17796e64304cadf1ad3050fb7,265,25,0.0943,11.0
a888faf2d1baececa6baf9c3d603ee1f,53,5,0.0943,8.8
76d5af76d0271110f9af36c92573f765,128,12,0.0938,4.83
2745f798279e0ed033addcc1474776d7,32,3,0.0938,9.67
7b0df942f46435babab05d49b744b2c4,32,3,0.0938,3.67
f62d7bb4a613ec758a03342d46b580b2,32,3,0.0938,5.33
4c2b230173bb36f9b240f2b8ac11786e,258,24,0.093,9.0
7d76b645482be4a332374e8223836592,172,16,0.093,9.56
a3e9a2c700480d9bb01fba070ba80a0e,129,12,0.093,6.75
70a12e78e608ac31179aea7f8422044b,312,29,0.0929,8.52
77530e9772f57a62c906e1c21538ab82,312,29,0.0929,11.28
ececbfcff9804a2d6b40f589df8eef2b,97,9,0.0928,9.0
fa1c13f2614d7b5c4749cbc52fecda94,578,53,0.0917,10.89
7c67e1448b00f6e969d365cea6b010ab,973,89,0.0915,12.31
d13e50eaa47b4cbe9eb81465865d8cfc,66,6,0.0909,2.0
3df020b72d3d44b3af9d110fa3940b65,55,5,0.0909,4.0
432c37c9dfba871172ec162e20118b8c,44,4,0.0909,5.75
1caf283236cd69af44cbc09a0a1e7d32,33,3,0.0909,24.67
93dc87703c046b603023e75222018b45,33,3,0.0909,47.33
d5ba419e26d246a0719437cf37d9b46d,33,3,0.0909,13.0
13d058e4eeac2ce8217660b2f8a05812,22,2,0.0909,9.0
39d54ff918774174706fb065d7f9dc07,22,2,0.0909,3.0
7901646fdd36a55f564ffaf2dbccaaf7,22,2,0.0909,4.5
7f2617c58d5d06806987308b45654351,22,2,0.0909,3.5
f615fe7efbef0f4f08fd3086bc7a3e60,22,2,0.0909,6.0
fb89df7f89fd1b8f03fa2acca1ba7364,22,2,0.0909,7.5
4e922959ae960d389249c378d1c939f5,412,37,0.0898,7.03
ce7d1888639e6fb06b2749cbfdac1ff7,78,7,0.0897,15.43
17f51e7198701186712e53a39c564617,56,5,0.0893,7.6
db2956745b3a8e9f3785c99f34b5d25e,45,4,0.0889,6.75
fe2032dab1a61af8794248c8196565c9,293,26,0.0887,13.54
1f50f920176fa81dab994f9023523100,1399,124,0.0886,10.59
26d8a1c7c75d513045798992ead43aa2,34,3,0.0882,13.0
6a0cbc8af2e8abd1bdfb777943d174c6,34,3,0.0882,16.67
1d8dbc4f32378d715c717c1c1fc57bae,91,8,0.0879,17.88
620c87c171fb2a6dd6e8bb4dec959fc6,722,63,0.0873,10.7
522620dcb18a6b31cd7bdf73665113a9,172,15,0.0872,8.53
8b321bb669392f5163d04c59e235e066,930,81,0.0871,9.77
23613d49c3ac2bd302259e55c06c050c,69,6,0.087,8.5
e59aa562b9f8076dd550fcddf0e73491,69,6,0.087,9.33
157c3e4b42f81ac4a44e8b1ca2fe9876,23,2,0.087,13.5
244c2f1bff6afe1f2eaf9bfe9b2aed38,23,2,0.087,14.5
8cc6a0e5738e61a87b03c78b2ba9db4b,23,2,0.087,53.0
977f9f63dd360c2a32ece2f93ad6d306,23,2,0.087,7.0
a36b125ac6d5fdbc7f50de85c9157bdc,23,2,0.087,3.5
e7df4cd29ab5abab70fb0783ddb53987,23,2,0.087,7.5
218d46b86c1881d022bce9c68a7d4b15,382,33,0.0864,12.7
391fc6631aebcf3004804e51b40bcf1e,521,45,0.0864,9.49
7681ef142fd2c19048da7430856b5588,58,5,0.0862,14.2
9c0e69c7bf2619675bbadf47b43f655a,151,13,0.0861,24.31
5d0363b33554b373851fc1622e4d5f3c,93,8,0.086,10.88
f27e33c6d29b5138fa9967bcd445b6d5,93,8,0.086,7.25
6b3bd31ad8fcda4b2635ec9f3ff2ecdf,35,3,0.0857,15.33
e8f6dc8e6a1dcde89d20e3995c8d90b3,35,3,0.0857,7.67
ea8482cd71df3c1969d7b9473ff13abc,1132,96,0.0848,8.17
56642bcb79900e777d68e91915cb4267,48,4,0.0833,13.25
f181738b150df1f37cb0bd72e705b193,36,3,0.0833,11.67
0afccdb8a34ee5c79f7c06faf2b4d56e,24,2,0.0833,8.5
6a51fc556dab5f766ced6fbc860bc613,24,2,0.0833,9.5
7ddcbb64b5bc1ef36ca8c151f6ec77df,325,27,0.0831,12.15
8581055ce74af1daba164fdbd55a40de,379,31,0.0818,11.61
1900267e848ceeba8fa32d80c1a5f5a8,406,33,0.0813,9.52
cbd996ad3c1b7dc71fd0e5f5df9087e2,160,13,0.0812,14.54
1336efc61c316ddf92c899eb817f7cae,74,6,0.0811,8.17
6860153b69cc696d5dcfe1cdaaafcf62,74,6,0.0811,12.67
715bbd5ba4e6b74cb0d2f29eb45058b0,62,5,0.0806,9.0
16090f2ca825584b5a147ab24aa30c86,398,32,0.0804,9.88
6a8b085f816a1f75f92dbac6eb545f8f,125,10,0.08,25.0
165fc07beebdcb6190fba8a06db2a449,50,4,0.08,8.0
198c7ea11960a9844b544d9bcdca860c,25,2,0.08,9.5
edf96ef93ed595084bbcbd9224bd2894,25,2,0.08,4.0
37515688008a7a40ac93e3b2e4ab203f,227,18,0.0793,10.78
1025f0e2d44d7041d6cf58b6550e0bfa,910,72,0.0791,7.61
ef506c96320abeedfb894c34db06f478,316,25,0.0791,12.08
daeb5653dd96c1b11860f72209795012,38,3,0.0789,14.33
c9c7905cffc4ef9ff9f113554423e671,127,10,0.0787,10.6
e24fc9fcd865784fb25705606fe3dfe7,51,4,0.0784,15.25
ef0ace09169ac090589d85746e3e036f,128,10,0.0781,15.2
ce248b21cb2adc36282ede306b7660e5,64,5,0.0781,13.2
42b729f859728f5079499127a9c2ef37,103,8,0.0777,7.12
17e34d8224d27a541263c4c64b11a56b,247,19,0.0769,11.95
7040e82f899a04d1b434b795a43b4617,208,16,0.0769,7.81
624f4ece8da4aafb77699233d480f8ef,52,4,0.0769,7.25
f214d28e8d8e3ef068748498ccc2f813,52,4,0.0769,7.75
4559697a8f7e637227c2eeaed843baff,39,3,0.0769,3.0
6a8a889bde935bafa76d7848782dfaf9,26,2,0.0769,13.0
8090490573c6c0aa343a7231ebcb8c86,26,2,0.0769,20.0
8d79c8a04e42d722a75097ce5cbcf2ef,26,2,0.0769,55.0
b8555308bfdb4ca1ed54325a58da9a97,26,2,0.0769,4.5
df560393f3a51e74553ab94004ba5c87,26,2,0.0769,20.5
e5e33c0d8e7e002f398f5dc4cbbb338f,26,2,0.0769,14.0
f61c63d13f7cd800549d5acdd390ae72,26,2,0.0769,5.0
e9bc59e7b60fc3063eb2290deda4cced,209,16,0.0766,8.19
04308b1ee57b6625f47df1d56f00eedf,92,7,0.0761,12.86
d673a59aac7a70d8b01e6902bf090a11,79,6,0.0759,13.33
54a1852d1b8f10312c55e906355666ee,198,15,0.0758,13.47
c826c40d7b19f62a09e2d7c5e7295ee2,346,26,0.0751,8.69
e5a38146df062edaf55c38afa99e42dc,120,9,0.075,15.22
3be634553519fb6536a03e1358e9fdc7,80,6,0.075,4.67
1ce3ae5a399804d1a87e706f8a813c3e,40,3,0.075,6.67
c9aafcd0621b2207c10e32c649cada4d,40,3,0.075,2.0
48436dade18ac8b2bce089ec2a041202,134,10,0.0746,18.2
a420f60ff1aa9acc80d0e42959f2b313,67,5,0.0746,14.8
de23c3b98a88888289c6f5cc1209054a,161,12,0.0745,8.75
f262cbc1c910c83959f849465454ddd3,189,14,0.0741,6.86
00ee68308b45bc5e2660cd833c3f81cc,135,10,0.0741,12.2
e067ad2c1c0b48758eb1b5228bcf7a68,54,4,0.0741,9.5
17306570e772e7718c92a562d33f5f1d,27,2,0.0741,5.5
271c58a1d139c45eaf3316107c6d3a3b,27,2,0.0741,5.5
66922902710d126a0e7d26b0e3805106,150,11,0.0733,5.82
c847e075301870dd144a116762eaff9a,41,3,0.0732,61.33
7142540dd4c91e2237acb7e911c4eba2,316,23,0.0728,10.52
edb1ef5e36e0c8cd84eb3c9b003e486d,165,12,0.0727,13.75
f7ccf836d21b2fb1de37564105216cc1,69,5,0.0725,14.0
aba1721a889e04decc910aa13b768ef4,83,6,0.0723,4.67
c8b0e2b0a7095e5d8219575d5e7e1181,84,6,0.0714,5.83
7a241947449cc45dbfda4f9d0798d9d0,56,4,0.0714,5.25
8a130737016f838139d31878787a39c9,56,4,0.0714,3.25
1da366cade6d8276e7d8beea7af5d4bf,42,3,0.0714,6.33
ad420dd0c4f92f8af951ac24b86d0cf5,42,3,0.0714,64.67
d1ef48b38baca7e831711c4a0aeb398f,28,2,0.0714,2.5
e7d5b006eb624f13074497221eb37807,28,2,0.0714,7.5
f5a590cf36251cf1162ea35bef76fe84,113,8,0.0708,13.5
f45122a9ab94eb4f3f8953578bc0c560,184,13,0.0707,11.31
25c5c91f63607446a97b143d2d535d31,156,11,0.0705,7.45
3b15288545f8928d3e65a8f949a28291,101,7,0.0693,9.57
4371b634e0efc0e22b09b52907d9d469,101,7,0.0693,7.0
bd0389da23d89b726abf911cccc54596,87,6,0.069,20.33
6d803cb79cc31c41c4c789a75933b3c7,58,4,0.069,12.0
31da954dc0855f2495c6310f70a2f931,29,2,0.069,6.5
3361277dc30b7cccdb0c286b24219756,29,2,0.069,3.0
6e386f64c84e482f0b9abf960797ee1b,29,2,0.069,6.0
8931a84a914b3fe9b1ddaa4d704947ca,29,2,0.069,8.5
8b2492b7ff4468839593fafeed55bad9,29,2,0.069,38.0
d4e12e7884759a14fa0f5f896c791cae,29,2,0.069,4.5
e06f09ec0a4aca210779cf1cfc63cf19,29,2,0.069,9.5
02f623a8eb246f3c5f7c2f96462654e6,44,3,0.0682,11.33
b2ba3715d723d245138f291a6fe42594,324,22,0.0679,9.59
dc4a0fc896dc34b0d5bfec8438291c80,225,15,0.0667,10.53
058fd0aa2bfdb2274e05e1ae971dabb6,60,4,0.0667,12.25
382229d1e840115ffe3dbf5ff460e417,45,3,0.0667,4.0
2a6fbeaa7ab9e5d59a35841a8da71ce4,30,2,0.0667,14.5
2bf6a2c1e71bbd29a4ad64e6d3c3629f,30,2,0.0667,11.0
b4a476fbd28de64b1e347abf9089366a,30,2,0.0667,5.5
da8622b14eb17ae2831f4ac5b9dab84a,1311,87,0.0664,11.48
70eea00b476a314817cefde4aad4f89a,106,7,0.066,10.57
7e3f87d16fb353f408d467e74fbd8014,91,6,0.0659,13.17
827f8f69dfa529c561901c4f2e0f332f,91,6,0.0659,9.5
213b25e6f54661939f11710a6fddb871,152,10,0.0658,6.2
06579cb253ecd5a3a12a9e6eb6bf8f47,61,4,0.0656,11.25
b6d44737c043328708f6749c2dbe50bd,61,4,0.0656,4.5
d1c281d3ae149232351cd8c8cc885f0d,214,14,0.0654,8.5
ccc4bbb5f32a6ab2b7066a4130f114e3,184,12,0.0652,17.58
8444e55c1f13cd5c179851e5ca5ebd00,92,6,0.0652,7.5
9b00ed88b7fdb95d6ff76e27c1b52d16,46,3,0.0652,5.33
fdb9095204a334cd8872252ffec6f2db,46,3,0.0652,16.0
70c27847eca8195c983ed7e798c56743,77,5,0.0649,7.4
d05ae8f7a5bd1d2a690a44cd079e4e27,77,5,0.0649,12.8
951e8cef368f09bb3f3d03c00ca4702c,62,4,0.0645,6.25
276677b5d08786d5dce7c2149dcce48b,31,2,0.0645,11.0
78c99c6dff4eeae5be99bf635ed21e3f,31,2,0.0645,22.5
cd6efc47efaabf134f8bdb654e10b4f1,31,2,0.0645,5.5
004c9cd9d87a3c30c522c48c4fc07416,156,10,0.0641,10.9
0be8ff43f22e456b4e0371b2245e4d01,156,10,0.0641,8.4
994f04b3718c2bab35c2adfa8afecd2a,47,3,0.0638,43.0
4c18691b6037662be2df78a765d98ab5,63,4,0.0635,6.25
5b925e1d006e9476d738aa200751b73b,63,4,0.0635,15.0
8e8a7ce9f2f970dc00e2acf6f6e199f6,63,4,0.0635,7.5
96493fab2fbb13a14d0c0e8772eef5c3,63,4,0.0635,2.0
a17f621c590ea0fab3d5d883e1630ec6,63,4,0.0635,6.5
1bb2bdb95f4841f1bba2c0d2cd83d3c9,79,5,0.0633,7.4
7ea5bfa6c340f58f8e71fc1f0412b0d6,96,6,0.0625,30.67
4a3ccda38b2129705f3fb522db62ca31,64,4,0.0625,15.75
2e1c9f22be269ef4643f826c9e650a52,161,10,0.0621,8.6
8d956fec2e4337affcb520f56fd8cbfd,210,13,0.0619,5.69
001cca7ae9ae17fb1caed9dfb1094831,195,12,0.0615,12.08
955fee9216a65b617aa5c0531780ce60,1261,77,0.0611,8.53
1554a68530182680ad5c8b042c3ab563,246,15,0.061,19.07
834f3294fba9f932f56edc879193f925,66,4,0.0606,7.0
8cbac7e12637ed9cffa18c7875207478,66,4,0.0606,6.75
e9779976487b77c6d4ac45f75ec7afe9,645,39,0.0605,12.33
8e6cc767478edae941d9bd9eb778d77a,100,6,0.06,11.67
09f952a5f58d2285b0372551ae8f9b01,50,3,0.06,22.33
4b9750c8ad28220fe6702d4ecb7c898f,217,13,0.0599,14.69
5f2684dab12e59f83bef73ae57724e45,67,4,0.0597,14.75
5b179e9e8cc7ab6fd113a46ca584da81,34,2,0.0588,3.5
5656537e588803a555b8eb41f07a944b,171,10,0.0585,9.6
2a7dc43cecabf23403078e2188437d1d,52,3,0.0577,6.33
46dc3b2cc0980fb8ec44634e21d2718e,503,29,0.0577,9.72
3c7c4a49ec3c6550809089c6a2ca9370,139,8,0.0576,14.88
dd2bdf855a9172734fbc3744021ae9b9,105,6,0.0571,10.33
3ab971ce71839580d2ae5b4e40fe8044,35,2,0.0571,2.5
45ba18c210d42734ec52c0c1c574e9ee,35,2,0.0571,1.5
bf84056e679dbe9c69929847a40e338f,35,2,0.0571,25.5
dc8798cbf453b7e0f98745e396cc5616,35,2,0.0571,8.0
59fb871bf6f4522a87ba567b42dafecf,123,7,0.0569,4.86
0adac9fbd9a2b63cccaac4f8756c1ca8,106,6,0.0566,12.83
d9a84e1403de8da0c3aa531d6d108ba6,53,3,0.0566,10.33
17a053fcb14bd219540cbde0df490be0,124,7,0.0565,12.0
f457c46070d02cadd8a68551231220dd,195,11,0.0564,10.55
5dceca129747e92ff8ef7a997dc4f8ca,322,18,0.0559,8.56
f4aba7c0bca51484c30ab7bdc34bcdd1,108,6,0.0556,7.0
d9bd94811c3338dceb4181f3dbc0c73e,54,3,0.0556,20.0
63b464dbf392c7b80d12d932fa7cafed,36,2,0.0556,15.0
99002261c568a84cce14d43fcffb43ea,36,2,0.0556,7.0
18a349e75d307f4b4cc646a691ed4216,109,6,0.055,11.83
6d66611d7c44cc30ce351abc49a68421,164,9,0.0549,6.56
01fdefa7697d26ad920e9e0346d4bd1b,128,7,0.0547,5.43
dc317f341ab0e22f39acbd9dbf9b4a1f,55,3,0.0545,20.0
3d871de0142ce09b7081e2b9d1733cb1,1064,58,0.0545,10.09
d6b1ce66b035a475f00c017792ff9769,92,5,0.0543,9.0
08633c14ef2db992c11f840f04fad4cd,74,4,0.0541,8.0
c70c1b0d8ca86052f45a432a38b73958,260,14,0.0538,8.07
45d33f715e24d15a6ccf5c17b3a23e3c,56,3,0.0536,11.67
4992e76a42cb3aad7a7047e0d3d7e729,56,3,0.0536,4.0
6560211a19b47992c3666cc44a7e94c0,1819,96,0.0528,7.74
cc419e0650a3c5ba77189a1882b7556a,1651,87,0.0527,7.86
fa40cc5b934574b62717c68f3d678b6d,304,16,0.0526,13.5
bfd27a966d91cfaafdb25d076585f0da,114,6,0.0526,7.67
1f9ab4708f3056ede07124aad39a2554,76,4,0.0526,13.0
d650b663c3b5f6fb392b6326366efa9a,57,3,0.0526,9.33
75fbb52eda0cbc24f479d3b2fbfa8d3e,38,2,0.0526,6.5
ba90964cff9b9e0e6f32b23b82465f7b,38,2,0.0526,4.5
d2374cbcbb3ca4ab1086534108cc3ab7,514,27,0.0525,7.04
7a67c85e85bb2ce8582c35f2203ad736,1145,60,0.0524,12.7
670c26e0f1bf8d0576271d5cfaec6d2b,77,4,0.0519,33.0
f80edd2c5aaa505cc4b0a3b219abf4b8,116,6,0.0517,5.33
c003204e1ab016dfa150abc119207b24,195,10,0.0513,12.2
113e3a788b935f48aad63e1c41dac1bd,39,2,0.0513,8.0
b94cc9f10ddc85e4ba73a6f7974e7101,39,2,0.0513,6.0
01cf7e3d21494c41fb86034f2e714fa1,59,3,0.0508,12.33
f7720c4fa8e3aba4546301ab80ea1f1b,59,3,0.0508,16.0
ceaec5548eefc6e23e6607c5435102e7,198,10,0.0505,11.2
0c8380b62e38e8a1e6adbeba7eb9688c,180,9,0.05,25.56
20d83f3ef0e6925fd74bfd59170babf7,40,2,0.05,4.0
83deb69e889cf80f82be1dc6d5f2d486,40,2,0.05,3.5
a2e874074c877c5a05abae80ad6e488f,40,2,0.05,7.0
b56906f7fd1696e043f1bcce164c487b,40,2,0.05,16.0
1fe5540d7c1c37a595fefbacd5570d9e,20,1,0.05,5.0
542917da124346b47ea1ac79a93ce454,20,1,0.05,3.0
6288c69c4ce638e59925e59193f98b16,20,1,0.05,8.0
808d4348b916efa08e766ebad39f61eb,20,1,0.05,4.0
82bd0703a4aefd6b599e5bfdaed378fb,20,1,0.05,6.0
cfe94489ddd337d1e29e12f2a7205d10,20,1,0.05,5.0
a1043bafd471dff536d0c462352beb48,702,35,0.0499,8.89
0c7533c71df861ec58ad7ff999ed0e8d,61,3,0.0492,11.0
4e17c65a516f69d023a2ae78b84f28d6,61,3,0.0492,10.67
4830e40640734fc1c52cd21127c341d4,204,10,0.049,6.3
7008613ea464bad5cb9b83456e1e6a8f,123,6,0.0488,8.0
43f8c9950d11ecd03a0304a49e010da6,41,2,0.0488,7.0
7dc8c42cc750eeafea6c85712ffee9bf,41,2,0.0488,6.0
e63e8bfa530fb16910dd6956e592bb81,41,2,0.0488,5.0
cca3071e3e9bb7d12640c9fbe2301306,699,34,0.0486,14.5
850f4f8af5ea87287ac68de36e29107f,186,9,0.0484,7.22
05d2173d43ea568aa0540eba70d2ca76,62,3,0.0484,24.0
41b39e28db005d9731d9d485a83b4c38,187,9,0.0481,9.0
92eb0f42c21942b6552362b9b114707d,334,16,0.0479,6.56
31344c16881c08a8a72c6d2eb29918c1,42,2,0.0476,22.0
5f3ae9136c875522250f8184f253413a,42,2,0.0476,3.0
c013e57c075a06e5b5c48ee03c525719,42,2,0.0476,6.0
3d5d0dc7073a299e31fa718ce1bc00b6,21,1,0.0476,1.0
412a4720f3e9431b4afa1476a1acddbe,21,1,0.0476,56.0
7c5b05cbdb5542049f38d90d7815b97d,21,1,0.0476,7.0
9596c870880d900012f2e8e6e30d06d7,21,1,0.0476,9.0
a5a1bfcf728ab0e19182959cf0771ee4,21,1,0.0476,56.0
af3ef48d0e13835e529c29ac573c63e5,21,1,0.0476,4.0
af4a0e4cfe1d9c26b6712b1be25a72e5,21,1,0.0476,7.0
e99e927c81e3f51739c94fcdfca9f10f,21,1,0.0476,13.0
53e4c6e0f4312d4d2107a8c9cddf45cd,463,22,0.0475,13.5
7e93a43ef30c4f03f38b393420bc753a,319,15,0.047,17.8
813348c996469b40f2e028d5429d3495,172,8,0.0465,9.12
b39d7fe263ef469605dbb32608aee0af,43,2,0.0465,6.5
cd06602b43d8800bd0afad514919d35c,43,2,0.0465,15.5
2138ccb85b11a4ec1e37afbd1c8eda1f,388,18,0.0464,10.33
0241d4d5d36f10f80c644447315af0bd,238,11,0.0462,8.91
1da3aeb70d7989d1e6d9b0e887f97c23,261,12,0.046,8.92
0509040ea3fe50071181bbc359eb7738,87,4,0.046,3.75
abcd2cb37d46c2c8fb1bf071c859fc5b,44,2,0.0455,9.0
b32be1695eb7ec5f10f72d9610a12527,44,2,0.0455,1.0
c66dccfb3f109511246da627dd5a2498,44,2,0.0455,4.0
f789d2c4f2c2eb38fc4373e7a4b35264,44,2,0.0455,2.0
093805f8f2aeb63881444571e1f48f30,22,1,0.0455,7.0
0d33a55da925bbf1ff02af5f6059fc7f,22,1,0.0455,5.0
2b1a40c1daabc6ca280c4b815c101841,22,1,0.0455,5.0
4200ddf1967c5e41e48db62bc6d4b5ac,22,1,0.0455,4.0
503c1de08ae81a2d86f17951b204db55,22,1,0.0455,25.0
55f7a3319d80f7fdf078b8f03e6725fe,22,1,0.0455,4.0
5670f4db5b62c43d542e1b2d56b0cf7c,22,1,0.0455,2.0
730937bf88cb151eb2eb849f642fc213,22,1,0.0455,2.0
8fdca8e349553f99bc738833a62c8802,22,1,0.0455,6.0
df56d7b40d437f88407c5f78b63bc328,22,1,0.0455,47.0
f0837c8d71434931d9e38e7b79234797,22,1,0.0455,9.0
79ebd9a61bac3eaf882805ed4ecfa12a,133,6,0.0451,6.5
1b4c3a6f53068f0b6944d2d005c9fc89,111,5,0.045,12.0
1c129092bf23f28a5930387c980c0dfc,200,9,0.045,6.33
98dac6635aee4995d501a3972e047414,89,4,0.0449,2.25
870d0118f7a9d85960f29ad89d5d989a,45,2,0.0444,22.5
afe0067131b73e40875c9b6c10bd2e21,45,2,0.0444,5.5
94144541854e298c2d976cb893b81343,68,3,0.0441,10.0
e333046ce6517bd8bb510291d44f0130,68,3,0.0441,8.33
7b07b3c7487f0ea825fc6df75abd658b,91,4,0.044,17.5
6edacfd9f9074789dad6d62ba7950b9c,205,9,0.0439,4.44
a3a38f4affed601eb87a97788c949667,251,11,0.0438,15.45
669ae81880e08f269a64487cfb287169,161,7,0.0435,13.0
640e21a7d01df7614a3b4923e990d40c,115,5,0.0435,25.6
dee656f0f566ed1aa85bd137c943f08f,92,4,0.0435,14.75
10076e5788b8ee532724bcd460baf762,23,1,0.0435,14.0
4b5f66b7adcf57f1ecc0d3c07dd6b177,23,1,0.0435,20.0
d624126b9206f595fb3fbb6ba03b28a8,23,1,0.0435,12.0
d50d79cb34e38265a8649c383dcffd48,70,3,0.0429,19.0
f8db351d8c4c4c22c6835c19a46f01b0,659,28,0.0425,7.39
7299e27ed73d2ad986de7f7c77d919fa,335,14,0.0418,9.43
128639473a139ac0f3e5f5ade55873a5,527,22,0.0417,9.55
81a1104df0f08b59c68aa5b03cfe398e,72,3,0.0417,3.67
729b2d09b2a0bdab221076327f13d050,48,2,0.0417,8.0
cb3dd9ce66268c7a3ca7241ac70ab58c,48,2,0.0417,25.5
2199e7fe213c16213bf5d6a7eadc9a5d,24,1,0.0417,4.0
2e13c71026e1a39ba5cc1b86dcb679aa,24,1,0.0417,7.0
a3f0b55de503387383c7b1de3ad7f678,24,1,0.0417,11.0
a938325a4b357fd23a6a4d5bb126408e,24,1,0.0417,15.0
b83cedfb587e7911540e3f576d6917ce,24,1,0.0417,4.0
cea729054f157f5870bdd321a958d994,24,1,0.0417,1.0
9d4db00d65d7760644ac0c14edb5fd86,97,4,0.0412,8.75
9b013e03b2ab786505a1d3b5c0756754,170,7,0.0412,8.57
a7f13822ceb966b076af67121f87b063,73,3,0.0411,57.0
080102cd0a76b09e0dcf55fcacc60e05,122,5,0.041,6.0
282f23a9769b2690c5dda22e316f9941,98,4,0.0408,9.25
9f505651f4a6abe901a56cdc21508025,393,16,0.0407,11.31
701938c450705b8ae65fc923b70f35c7,74,3,0.0405,11.0
8f119a0aee85c0c8fc534629734e94fd,75,3,0.04,6.33
25cf099de44674fde97473224f9d59ab,50,2,0.04,5.0
95f83f51203c626648c875dd41874c7f,50,2,0.04,2.5
1dc2de47ee26a0a5b12dc14fd6dc0dea,25,1,0.04,1.0
c8417879a15366a17c30af34c798c332,25,1,0.04,1.0
ed4311e67debd72b8610a5347a743087,25,1,0.04,4.0
f7496d659ca9fdaf323c0aae84176632,25,1,0.04,3.0
87142160b41353c4e5fca2360caf6f92,305,12,0.0393,7.17
7202e2ba20579a9bd1acb29e61fe71f6,51,2,0.0392,7.5
00fc707aaaad2d31347cf883cd2dfe10,103,4,0.0388,7.0
aafe36600ce604f205b86b5084d3d767,129,5,0.0388,11.6
4d6d651bd7684af3fffabd5f08d12e5a,363,14,0.0386,9.93
06df0c10d34e459d9672bc77388742eb,26,1,0.0385,4.0
4bfc7a4a1cf8d4d2121c27422d9e50b5,26,1,0.0385,8.0
ccf8813e5a7d6c84d865cd38bfc2b130,26,1,0.0385,8.0
e883aa812c37a7413226856f4579fe91,26,1,0.0385,1.0
d91fb3b7d041e83b64a00a3edfb37e4f,524,20,0.0382,5.05
710e3548e02bc1d2831dfc4f1b5b14d4,131,5,0.0382,9.8
537eb890efff034a88679788b647c564,158,6,0.038,8.33
6b243f80ed07b10f0e8aa0f21a205f3c,79,3,0.038,13.67
0db783cfcd3b73998abc6e10e59a102f,132,5,0.0379,13.8
febab0275244b9a49a623f0bd613ca2f,106,4,0.0377,3.75
750303a20e9c56b2a6bc45cdce0b897d,53,2,0.0377,29.5
1a3df491d1c4f1589fc2b934ada68bf2,160,6,0.0375,6.67
2528513dd95219a6013d4d05176e391a,160,6,0.0375,14.17
e8b3a3a38279a82f0e5d006d5e5b7d2c,80,3,0.0375,9.0
dbb9b48c841a0e39e21f98e1a6b2ec3e,108,4,0.037,11.25
4e7c18b98d84e05cbae3ff0ff03846c2,81,3,0.037,5.67
688756f717c462a206ad854c5027a64a,81,3,0.037,5.67
062ce95fa2ad4dfaedfc79260130565f,54,2,0.037,14.0
38e679b9e0064cd94c6f035707344dae,27,1,0.037,14.0
575df70bde3f9f2b30bf8d2e9910d725,27,1,0.037,5.0
5b67882648febfb6e1225e6ad7164f6b,27,1,0.037,9.0
5f5b43b2bffa8656e4bc6efeb13cc649,27,1,0.037,7.0
95ec4458365c4d11f452ccf538377619,27,1,0.037,2.0
ffc470761de7d0232558ba5e786e57b7,27,1,0.037,8.0
0b90b6df587eb83608a64ea8b390cf07,163,6,0.0368,8.83
db4350fd57ae30082dec7acbaacc17f9,136,5,0.0368,7.4
ebd2d60905fb58271facef5596b620d3,82,3,0.0366,55.0
eeb6de78f79159600292e314a77cbd18,82,3,0.0366,33.33
5a8e7d5003a1f221f9e1d6e411de7c23,137,5,0.0365,2.4
7d456afc660226829370f3173d14520c,55,2,0.0364,21.0
3078096983cf766a32a06257648502d1,56,2,0.0357,5.5
0bb738e4d789e63e2267697c42d35a2d,28,1,0.0357,9.0
1771297ac436903d1dd6b0e9279aa505,28,1,0.0357,3.0
6061155addc1e54b4cfb51c1c2a32ad8,28,1,0.0357,2.0
817245bcc3badd82bbd222e0366951a6,28,1,0.0357,14.0
d379f449f2a3b271bc01c0782020f705,28,1,0.0357,16.0
de722cd6dad950a92b7d4f82673f8833,337,12,0.0356,7.75
dbd66278cbfe1aa1000f90a217ca4695,85,3,0.0353,3.0
1c68394e931a64f90ea236c5ea590300,142,5,0.0352,20.6
44073f8b7e41514de3b7815dd0237f4f,142,5,0.0352,6.8
c33847515fa6305ce6feb1e818569f13,114,4,0.0351,7.25
05ff92fedb5be47920fea08e501238b9,57,2,0.0351,14.0
376a891762bbdecbc02b4b6adec3fdda,57,2,0.0351,6.5
95e03ca3d4146e4011985981aeb959b9,172,6,0.0349,21.0
7178f9f4dd81dcef02f62acdf8151e01,202,7,0.0347,6.57
53243585a1d6dc2643021fd1853d8905,348,12,0.0345,9.92
2ff97219cb8622eaf3cd89b7d9c09824,87,3,0.0345,15.0
c864036feaab8c1659f65ea4faebe1da,58,2,0.0345,11.5
1464afc72f696af775557a821c2e253f,29,1,0.0345,27.0
4ebdc7e6cd6102a022dadc49156d4ea8,29,1,0.0345,5.0
c6bda72e4dbf5c5866b13cb1810c6d03,59,2,0.0339,22.0
fcb5ace8bcc92f75707dc0f01a27d269,59,2,0.0339,18.0
36a968b544695394e4e9d7572688598f,148,5,0.0338,4.2
709e16e2b25c7474d980076c6bfc4806,60,2,0.0333,6.5
02f5837340d7eb4f653d676c7256523a,30,1,0.0333,8.0
3c487ae8f8d7542beff5788e2e0aea83,30,1,0.0333,15.0
974cf2cb8f4b7add98709c30df02fe10,30,1,0.0333,13.0
b335c59ab742f751a85db9c411a86739,30,1,0.0333,8.0
c8b3445d737de6befde0c88ede534a5e,30,1,0.0333,6.0
1e8b33f18b4f7598d87f5cbee2282cc2,122,4,0.0328,3.0
116ccb1a1604bc88e4d234a8c23f33de,61,2,0.0328,1.0
aced59e9b31ef866a94f9e7f29d8d418,61,2,0.0328,9.0
cce6ab8d1682639fe45ab70234f1665f,61,2,0.0328,6.0
1838dd9b8977065acf51d95e0053ea7a,62,2,0.0323,2.0
b92e3c8f9738272ff7c59e111e108d7c,62,2,0.0323,8.5
01fd077212124329bac32490e8ef80d9,31,1,0.0323,9.0
18e694e0e48ed6f7aa3f24aade5fd697,31,1,0.0323,1.0
33576ec5412fb5905d876f12f33bfde6,31,1,0.0323,5.0
4917cee8d902e13428c3ec4b1ca6f315,31,1,0.0323,13.0
4e06067cc08b3f41d837768d392c3ee3,31,1,0.0323,28.0
5d3bb11474a06bdc23fb9e89f1164ee0,31,1,0.0323,8.0
72c5da29406b4234927b81855e7b64f6,31,1,0.0323,14.0
f00e21b1e91a79653163b7fd8f293ff1,31,1,0.0323,32.0
ff063b022a9a0aab91bad2c9088760b7,94,3,0.0319,3.0
b76dba6c951ab00dc4edf0a1aa88037e,157,5,0.0318,10.0
8a32e327fe2c1b3511609d81aaf9f042,126,4,0.0317,1.25
562fc2f2c2863ab7e79a9e4388a58a14,255,8,0.0314,10.5
80e6699fe29150b372a0c8a1ebf7dcc8,96,3,0.0312,10.0
76d64c4aca3a7baf218bf93ef7fa768d,64,2,0.0312,7.0
232a6014e7b10cba61c6c2b2ea6bb4b0,32,1,0.0312,6.0
3340ef1913fb70d28420f6ceb685c339,32,1,0.0312,132.0
3c4e0452bff7a2a788179488d3d77032,32,1,0.0312,31.0
6481e96574816ead57975da2c0f6d80d,32,1,0.0312,1.0
ea67327e24487bdfac5fbfa37ea124df,32,1,0.0312,18.0
066a6914e1ebf3ea95a216c73a986b91,66,2,0.0303,37.5
8bd0f31cf0a614c658f6763bd02dea69,33,1,0.0303,8.0
b839e41795b7f3ad94cc2014a52f6796,33,1,0.0303,9.0
cc5a78bbad32776dc4e3af205218368c,33,1,0.0303,5.0
dfc5fb7259bb2b599ca565e6e9448f0f,33,1,0.0303,15.0
7722b1df1b0e383e000397b2c11e3e19,133,4,0.0301,4.0
d94a40fd42351c259927028d163af842,100,3,0.03,2.67
966cb4760537b1404caedd472cc610a5,67,2,0.0299,1.5
42bde9fef835393bb8a8849cb6b7f245,34,1,0.0294,7.0
a3dd39f583bc80bd8c5901c95878921e,34,1,0.0294,2.0
9646c3513289980f17226a2fc4720dbd,69,2,0.029,9.0
aaed1309374718fdd995ee4c58c9dfcd,104,3,0.0288,3.67
240b9776d844d37535668549a396af32,35,1,0.0286,16.0
bf3c6d2a28b2b5501e6c15448982dcc9,35,1,0.0286,1.0
fde0cc9ea29c8ccfc0a2c22256a58c71,35,1,0.0286,7.0
25e6ffe976bd75618accfe16cefcbd0d,106,3,0.0283,11.0
30a2f535bb48308f991d0b9ad4a8c4bb,71,2,0.0282,6.5
9de4643a8dbde634fe55621059d92273,72,2,0.0278,11.5
32b8764b4ef628b53608fc34011fcc13,36,1,0.0278,1.0
3586b8580d9c917874e053a1bb37b5ff,36,1,0.0278,20.0
66dc1b1632bd6a3e508510c5b3492107,36,1,0.0278,5.0
9e6229250fedbe05838fef417b74e7fb,73,2,0.0274,3.5
516e7738bd8f735ac19a010ee5450d8d,74,2,0.027,4.5
594f9aaa48e5bf431f011ddc5669b0d5,37,1,0.027,3.0
96804ea39d96eb908e7c3afdb671bb9e,37,1,0.027,7.0
5a93f3ab0ef4c84ed5e1b5dbf23978bc,38,1,0.0263,32.0
7f7b8245c336066a1f9933c359f11d77,38,1,0.0263,10.0
bacb1f0ed56ad24198f5810d2b3fe9a5,38,1,0.0263,4.0
d66c305afaec317ebee552073a674429,38,1,0.0263,8.0
37be5a7c751166fbc5f8ccba4119e043,269,7,0.026,9.14
2a84855fd20af891be03bc5924d2b453,155,4,0.0258,25.0
55a5b51f93f2b70ea513f5a047b0262a,39,1,0.0256,7.0
d1b65fc7debc3361ea86b5f14c68d2e2,39,1,0.0256,1.0
d23019c84ffae2d5ef2270367b8605fc,39,1,0.0256,22.0
dbc22125167c298ef99da25668e1011f,394,10,0.0254,11.6
1d4587203296c8f4ad134dc286fa6db0,40,1,0.025,24.0
0432ead42b6c8a0bdf68154add917fdf,82,2,0.0244,9.0
8bb48dc19fccaa8613b6229bf7f452a2,82,2,0.0244,3.0
9add47bf45ce8e8c7db6b9cf670b1e09,41,1,0.0244,7.0
d98eec89afa3380e14463da2aabaea72,168,4,0.0238,18.0
9674754b5a0cb32b638cec001178f799,84,2,0.0238,4.5
3d8fa2f5b647373c8620330c4e077a9f,42,1,0.0238,13.0
58f1a6197ed863543e0136bdedb3fce2,42,1,0.0238,12.0
bd23da7354813347129d751591d1a6e2,86,2,0.0233,20.5
33a17d60c64393351ebf1ef860f4e0f2,43,1,0.0233,18.0
3f995f07c49d0d55a99d5c54957f7d81,43,1,0.0233,8.0
e0a366315b1b726b6c7832d664c0f530,43,1,0.0233,7.0
86ccac0b835037332a596a33b6949ee1,178,4,0.0225,10.75
b8bc237ba3788b23da09c0f1f3a3288c,45,1,0.0222,2.0
bccf933e006e9b94a6184af782963e77,45,1,0.0222,5.0
c68fb906c8f4b4b946d8386bfa6e5467,45,1,0.0222,2.0
f680f85bee2d253556ac91be391d2c82,45,1,0.0222,4.0
85d9eb9ddc5d00ca9336a2219c97bb13,499,11,0.022,7.55
2a5b78b41cd05baeac8df54c6606b92c,46,1,0.0217,4.0
381c83fdca332ea6afd896da20bf6e4a,46,1,0.0217,5.0
83e197e95a1bbabc8c75e883ed016c47,46,1,0.0217,12.0
efcd8d2104f1a05d028af7bad20d974b,46,1,0.0217,6.0
0691148aee60ca47977c187804f935ae,47,1,0.0213,38.0
8a432f4e5b471f8da497d7dc517666e2,95,2,0.0211,8.0
b4ffb71f0cb1b1c3d63fad021ecf93e1,143,3,0.021,8.33
0ef83d7d83ed97cd2a0049ac8be5f88a,48,1,0.0208,11.0
4c03b9dd4c11ee2cb35c96c49efc9420,48,1,0.0208,9.0
138dbe45fc62f1e244378131a6801526,49,1,0.0204,3.0
5cf13accae3222c70a9cac40818ae839,148,3,0.0203,8.67
cab85505710c7cb9b720bceb52b01cee,201,4,0.0199,15.25
ac3508719a1d8f5b7614b798f70af136,101,2,0.0198,6.5
751bdc4d83a466c7206cd42e8f426b03,51,1,0.0196,28.0
33a6f4b1e7cdc205511e76ba1b6e0186,105,2,0.019,10.5
6c177e38df6d3f34182b1f1d427231bf,53,1,0.0189,1.0
a5cba26a62b8b4d0145b68b841e62e7f,53,1,0.0189,12.0
2dee2ce60de9709b1a24083217181a1f,54,1,0.0185,4.0
289cdb325fb7e7f891c38608bf9e0962,109,2,0.0183,6.5
1127b7f2594683f2510f1c2c834a486b,110,2,0.0182,5.0
1b8356dabde1d35e17cef975c3f82730,55,1,0.0182,15.0
6c7d50c24b3ccd2fd83b44d8bb34e073,112,2,0.0179,6.0
3bdff180c7e1f6551a643b99c265a120,56,1,0.0179,8.0
229c3efbfb0ea2058de4ccdfbc3d784a,118,2,0.0169,12.0
582d4f8675b945722eda7c0cb61ba4c7,59,1,0.0169,3.0
91f848e9f4be368f4318775aac733370,60,1,0.0167,7.0
ce27a3cc3c8cc1ea79d11e561e9bebb6,122,2,0.0164,5.0
5f1dc28029d2c244352a68107ec2b542,62,1,0.0161,7.0
520b493b57809f446cb0a233bb3e25c7,63,1,0.0159,15.0
e26901d5ab434ce92fd9b5c256820a4e,197,3,0.0152,7.0
48162d548f5b1b11b9d29d1e01f75a61,66,1,0.0152,14.0
9d5a9018aee56acb367ba9c3f05d1d6a,66,1,0.0152,4.0
cb8bcce248bb1fb274ba762d8b971456,66,1,0.0152,4.0
259f7b5e6e482c230e5bfaa670b6bb8f,136,2,0.0147,10.0
ca3bd7cd9f149df75950150d010fe4a2,68,1,0.0147,8.0
822166ed1e47908f7cfb49946d03c726,69,1,0.0145,10.0
c3cfdc648177fdbbbb35635a37472c53,278,4,0.0144,3.0
6cd68b3ed6d59aaa9fece558ad360c0a,149,2,0.0134,9.5
d12c926d74ceff0a90a21184466ce161,76,1,0.0132,4.0
d921b68bf747894be13a97ae52b0f386,77,1,0.013,6.0
dfa0c4c6229ab200a4a1336b4d7128ff,77,1,0.013,22.0
744dac408745240a2c2528fb1b6028f3,78,1,0.0128,4.0
080199a181c46c657dc5aa235411be3b,79,1,0.0127,34.0
0df3984f9dfb3d49ac6366acbd3bbb85,86,1,0.0116,16.0
609e1a9a6c2539919b8205cf7c4e6ff0,87,1,0.0115,19.0
725c32fa80c2faacc4fc88450d27314e,89,1,0.0112,21.0
530ec6109d11eaaf87999465c6afee01,94,1,0.0106,5.0
5c243662ce92d84573bfaff24c3e3700,98,1,0.0102,6.0
612170e34b97004b3ba37eae81836b4c,107,1,0.0093,1.0
8c16d1f32a54d92897cc437244442e1b,108,1,0.0093,9.0
17ca9b9e9b9ef8fdb529001b49ebb50f,115,1,0.0087,10.0
0ea22c1cfbdc755f86b9b54b39c16043,234,2,0.0085,8.5
12b9676b00f60f3b700e83af21824c0e,133,1,0.0075,15.0
0bae85eb84b9fb3bd773911e89288d54,136,1,0.0074,4.0
fc906263ca5083d09dce42fe02247800,112,0,0.0,
9616352088dcf83a7c06637f4ebf1c80,91,0,0.0,
06e5eefc71ec47ae763c5c6f8db7064f,90,0,0.0,
f3b80352b986ab4d1057a4b724be19d0,86,0,0.0,
8ae520247981aa06bc94abddf5f46d34,65,0,0.0,
d566c37fa119d5e66c4e9052e83ee4ea,65,0,0.0,
b372ee768ed69e46ca8cdbd267aa7a38,63,0,0.0,
57e632711dec9ec14ca7546769483e7e,62,0,0.0,
d57e18d5f73c7ccb7f7339b61166898d,61,0,0.0,
e882b2a25a10b9c057cc49695f222c19,57,0,0.0,
cc63f0dd2acba93ffed4fe9f8e0321fa,55,0,0.0,
fa1a9dec3a9940c072684a46728bf1fc,55,0,0.0,
3504c0cb71d7fa48d967e0e4c94d59d9,53,0,0.0,
2b3e4a2a3ea8e01938cabda2a3e5cc79,52,0,0.0,
b1a81260566c1bac3114a6d124413f27,51,0,0.0,
aae3bfea055532c57fb453ed3ec80b30,48,0,0.0,
3bb548e3cb7f70f28e3f11ee9dce0e59,46,0,0.0,
81f89e42267213cb94da7ddc301651da,46,0,0.0,
6b90f847357d8981edd79a1eb1bf0acb,45,0,0.0,
4da0e408c99d2fdc2126dc9fce518060,44,0,0.0,
acce39e832338debb07b02385cde5967,44,0,0.0,
b410bdd36d5db7a65dcd42b7ead933b8,42,0,0.0,
34d1ca11b242c0fee2c834ae8d788566,40,0,0.0,
6df688df543f90e9b38f4319e75a9d88,39,0,0.0,
b1ac6ea7895bc3dd6f0f6f4abbdd2821,38,0,0.0,
6338ea67c41078a46ad99cc009654956,37,0,0.0,
31561f325664a8a7aba4c8d0c3a9b3db,36,0,0.0,
325f3178fb58e2a9778334621eecdbf9,36,0,0.0,
5cbbd5a299cab112b7bf23862255e43e,36,0,0.0,
bd4889b5e9133b35b66e42a8665cea5c,36,0,0.0,
718539d38d07dd351c76db862760e2e2,35,0,0.0,
bba74270a87732727b5a3b4fd9ac1c39,35,0,0.0,
33ac3e28642ab8bda860a2f693000e78,34,0,0.0,
b90e891671cffd9557f33a97dc523645,34,0,0.0,
e49c26c3edfa46d227d5121a6b6e4d37,34,0,0.0,
48efc9d94a9834137efd9ea76b065a38,33,0,0.0,
5160d23075764e18e07c1f4a87fad743,33,0,0.0,
65febd49fd28ec955651299159b1f527,33,0,0.0,
fad44952713764836814be105382aee5,32,0,0.0,
0ebd97a106433a45a4aebe57c1799778,31,0,0.0,
9baf5cb77970f539089d09a38bcec5c3,31,0,0.0,
ed4acab38528488b65a9a9c603ff024a,31,0,0.0,
f67efa3f0b6761102a7f8c6b7b571f5d,31,0,0.0,
40d54b51e962dbe09cabbcfd33298dee,30,0,0.0,
1b938a7ec6ac5061a66a3766e0e75f90,29,0,0.0,
4bf2f4ee540798a61f9636d12cd9cc80,29,0,0.0,
94e93ce877be27a515118dbfd2c2be41,29,0,0.0,
14a08204d03bb6b6bde8029f801ae0eb,28,0,0.0,
960945e1a9535cbc0cd6ddd35fbe7ae8,28,0,0.0,
bf00385a5f7fc1ef39a13c2e9ee50a5f,28,0,0.0,
0885aaf116795758dfeb5f1032487bcd,27,0,0.0,
671585f5a2af58b6e276bc01003c0d2b,27,0,0.0,
73a63f72308aa20a46f4b1632018f196,27,0,0.0,
cac876b37d3abcd6bd76caca30277996,27,0,0.0,
cc3d14116804f7209f3884f6367f1152,27,0,0.0,
7ade73f1b9b4e965f9009a4c3a7e2c15,26,0,0.0,
f41ce2e25237f9092cd8e6e7516c7a2f,26,0,0.0,
272f092de69afedd4d2969440b37f18f,25,0,0.0,
3481aa57cd91f9f9d3fa1fa12d9a3bf7,25,0,0.0,
5debea795b07621e1f90532e18f96145,25,0,0.0,
916748bc99315c2d202898ae58b1617e,25,0,0.0,
b2a6d334e2833acea353624840e25a0e,25,0,0.0,
e48b04bf1aa1ef711caebeb7aede6180,25,0,0.0,
c731d18cea9bf687ffee82a241c25b11,24,0,0.0,
013900e863eace745d3ec7614cab5b1a,23,0,0.0,
42ef3192a9ff87a22d1867b74b3ee205,23,0,0.0,
5c853bb56f70f4d14218944bae111d7a,23,0,0.0,
6426d21aca402a131fc0a5d0960a3c90,23,0,0.0,
79ed755314cfe6df0daef2c6cd3022cd,23,0,0.0,
7e26c750b4cb9f6766f58265ff9ebe95,23,0,0.0,
42fa4ee7240e9b8eb4576358ec142ba7,22,0,0.0,
916c9de0b5ad957346eeeb12f332687e,22,0,0.0,
d8c7ba53e7e38711eaef8c2849d6d2e1,22,0,0.0,
e9511df20ccd82658a30c37b7fb343af,22,0,0.0,
eed78ac17f7f795a19a709745f00cd4e,22,0,0.0,
02ecc2a19303f05e59ce133fd923fff7,21,0,0.0,
3785b653b1b82de85ab47dd139938091,21,0,0.0,
52f9db5cfb423382a2fa5c9e39303202,21,0,0.0,
55d3daac7c404d59e51c2aa2f4dc5a23,21,0,0.0,
5bffbafbb22daf6d3bfc216a46db8708,21,0,0.0,
679769a98cfcc6da877c8486ff1c13f3,21,0,0.0,
6b15924333bd1a741595fe981ea04822,21,0,0.0,
845e8036c3f7bf62099352f5ed910240,21,0,0.0,
b347677812ea483b0f528eaf8cbc09b7,21,0,0.0,
bd697db56ff8e7c9cd1abeb7f72029b2,21,0,0.0,
c72de06d72748d1a0dfb2125be43ba63,21,0,0.0,
e6a69c4a27dfdd98ffe5aa757ad744bc,21,0,0.0,
41c2bad7229b0c25e6becf179ebf63ff,20,0,0.0,
8ab42aa58097fd4668d60cc648225d5f,20,0,0.0,
bf100ecb7997df312b285358fb32f92c,20,0,0.0,
e21a1e8be4715b0fcfd5385643bc49c4,20,0,0.0,
f9244d45189d3a3605499abddeade7d5,20,0,0.0,
